id;description;created_date;last_modified_date;created_by;last_modified_by;is_deleted;viewer_id;offer_promotion_id;content_package_id
1;whether;2024-02-21T20:36:43;2024-02-21T22:42:07;accept;overeat;true;729;10910;1
2;usually unless knavishly;2024-02-21T15:04:48;2024-02-21T18:41:03;pheasant complex;why cantaloupe;true;29676;16742;2
3;phooey whether athwart;2024-02-21T05:15:23;2024-02-21T11:04:11;aspect pfft super;ink quirky;false;6001;2002;3
4;bah;2024-02-21T16:38:01;2024-02-21T21:39:58;eke annually;unearth magic valiantly;false;11481;14367;4
5;opposite;2024-02-21T18:34:11;2024-02-21T16:14:26;afore why;likewise evenly;true;2642;21218;5
6;figure powerless generous;2024-02-21T13:34:36;2024-02-21T04:58:30;physically joshingly;meh blah present;true;26410;31725;6
7;buckwheat;2024-02-21T01:48:19;2024-02-21T07:35:15;ecliptic;eek mmm;false;17614;23552;7
8;pure brr;2024-02-21T01:01:14;2024-02-21T18:10:30;nicely wearily;hijack consequently;true;1635;11835;8
9;ew bin propagate;2024-02-21T06:41:15;2024-02-21T11:40:36;nor inside hm;daring speedy;true;21285;12486;9
10;indeed;2024-02-21T02:24:34;2024-02-21T15:21:32;cheerfully towards hector;minus absentmindedly;true;20504;5285;10
