id;thumbnail;thumbnail_content_type;description;created_date;last_modified_date;created_by;last_modified_by;is_deleted
1;../fake-data/blob/hipster.png;image/png;test but sum;2024-02-21T04:57:43;2024-02-21T09:29:27;pro lest;careful golden;false
2;../fake-data/blob/hipster.png;image/png;solidly;2024-02-21T18:46:44;2024-02-21T11:36:00;boldly;knuckle;true
3;../fake-data/blob/hipster.png;image/png;by;2024-02-21T09:08:25;2024-02-21T00:54:46;steady;loudly cradle;false
4;../fake-data/blob/hipster.png;image/png;analog;2024-02-21T06:28:54;2024-02-21T21:33:51;troubleshoot until;peripheral when;true
5;../fake-data/blob/hipster.png;image/png;absent what propose;2024-02-21T16:46:23;2024-02-21T01:52:23;charity orangutan;whoa certainly;false
6;../fake-data/blob/hipster.png;image/png;gadzooks;2024-02-21T16:34:12;2024-02-21T00:10:20;service;rethinking excitedly;true
7;../fake-data/blob/hipster.png;image/png;yum joyfully;2024-02-21T01:43:52;2024-02-21T01:26:53;lest near;even minus;false
8;../fake-data/blob/hipster.png;image/png;doting restoration;2024-02-21T01:41:06;2024-02-21T22:07:25;bushwhack ick mortgage;if;true
9;../fake-data/blob/hipster.png;image/png;whereas;2024-02-21T00:02:49;2024-02-21T07:19:16;under variability acrobatic;during equatorial cheerfully;true
10;../fake-data/blob/hipster.png;image/png;lily triumphantly;2024-02-21T11:59:58;2024-02-21T17:18:28;within hole;sulfur;false
