id;thumbnail;thumbnail_content_type;normal_image;normal_image_content_type;normal_image_s_3_key;thumbnail_icon_s_3_key;social_link;created_date;last_modified_date;created_by;last_modified_by;is_deleted;social_network_id;user_id
1;../fake-data/blob/hipster.png;image/png;../fake-data/blob/hipster.png;image/png;boohoo;brr;cruel;2024-03-01T23:53:07;2024-03-02T16:59:31;vaccinate ducks knavishly;peek um;true;17669;1
2;../fake-data/blob/hipster.png;image/png;../fake-data/blob/hipster.png;image/png;yum;via unaccountably;gadzooks;2024-03-02T07:37:23;2024-03-01T18:48:17;those binge where;ridge mass;true;23664;2
3;../fake-data/blob/hipster.png;image/png;../fake-data/blob/hipster.png;image/png;oh walking;ouch;beloved times;2024-03-01T22:34:36;2024-03-02T12:29:23;absent tart huzzah;as eek;false;31726;3
4;../fake-data/blob/hipster.png;image/png;../fake-data/blob/hipster.png;image/png;blindly;quiver cautiously astonishing;each fully ack;2024-03-01T21:31:10;2024-03-02T06:31:15;vainly;snappy daily;true;10362;4
5;../fake-data/blob/hipster.png;image/png;../fake-data/blob/hipster.png;image/png;gee;yowza once;pish knowingly debt;2024-03-02T18:00:35;2024-03-01T21:04:14;high-level;even best;true;14578;5
6;../fake-data/blob/hipster.png;image/png;../fake-data/blob/hipster.png;image/png;yuck indeed daintily;dark;before;2024-03-02T14:33:31;2024-03-01T23:49:50;impart drat naturally;brr without;false;12710;6
7;../fake-data/blob/hipster.png;image/png;../fake-data/blob/hipster.png;image/png;rinse;urban;brightly;2024-03-02T16:51:45;2024-03-02T17:25:53;sympathetically overshoot;including mechanise hostel;false;28538;7
8;../fake-data/blob/hipster.png;image/png;../fake-data/blob/hipster.png;image/png;republic;gran;shiny who;2024-03-01T19:49:30;2024-03-02T00:12:13;sans;yahoo mostly dock;false;28515;8
9;../fake-data/blob/hipster.png;image/png;../fake-data/blob/hipster.png;image/png;seldom once down;berate;pique utter scuff;2024-03-02T06:07:04;2024-03-02T02:03:42;gladly because;vice um;true;17662;9
10;../fake-data/blob/hipster.png;image/png;../fake-data/blob/hipster.png;image/png;barrel apud behind;revival tall;boohoo upwardly propel;2024-03-01T23:05:48;2024-03-02T13:25:44;when;eclipse;true;13503;10
