id;title;content;is_deleted
1;toward next;../fake-data/blob/hipster.txt;true
2;beside;../fake-data/blob/hipster.txt;false
3;between;../fake-data/blob/hipster.txt;false
4;lively outside nor;../fake-data/blob/hipster.txt;false
5;psst;../fake-data/blob/hipster.txt;false
6;pill;../fake-data/blob/hipster.txt;true
7;whoa since;../fake-data/blob/hipster.txt;false
8;lively;../fake-data/blob/hipster.txt;true
9;circa owlishly;../fake-data/blob/hipster.txt;true
10;loathsome;../fake-data/blob/hipster.txt;true
