id;thumbnail;thumbnail_content_type;thumbnail_s_3_key;content;content_content_type;content_s_3_key;like_count;created_date;last_modified_date;created_by;last_modified_by;is_deleted
1;../fake-data/blob/hipster.png;image/png;how;../fake-data/blob/hipster.png;image/png;demob urgently mollycoddle;4635;2024-02-29T01:08:01;2024-02-29T15:36:47;cheerfully;phew off shrine;false
2;../fake-data/blob/hipster.png;image/png;gamble include;../fake-data/blob/hipster.png;image/png;cleverly satirize;31421;2024-02-29T19:48:20;2024-02-29T17:24:00;minus;unto;true
3;../fake-data/blob/hipster.png;image/png;bring;../fake-data/blob/hipster.png;image/png;ownership formal;9291;2024-02-29T21:15:27;2024-02-29T21:34:37;for why pootle;supposing;true
4;../fake-data/blob/hipster.png;image/png;amid;../fake-data/blob/hipster.png;image/png;opposite;4625;2024-02-29T14:29:28;2024-02-29T03:22:39;scarcely scratch;internationalise ha yearly;true
5;../fake-data/blob/hipster.png;image/png;although;../fake-data/blob/hipster.png;image/png;supposing by;26369;2024-02-29T18:55:10;2024-02-29T14:07:05;loftily atrium;complicated;true
6;../fake-data/blob/hipster.png;image/png;yearningly ick clear;../fake-data/blob/hipster.png;image/png;bid;862;2024-02-29T03:32:33;2024-02-29T19:12:08;beyond woot;attached playful;false
7;../fake-data/blob/hipster.png;image/png;wherever;../fake-data/blob/hipster.png;image/png;perky;14036;2024-02-29T19:42:32;2024-02-29T16:12:57;markup impudence fooey;alongside;false
8;../fake-data/blob/hipster.png;image/png;officially hmph;../fake-data/blob/hipster.png;image/png;wherever;25284;2024-02-29T15:24:50;2024-02-29T14:50:24;broiler mid;ouch eventually;true
9;../fake-data/blob/hipster.png;image/png;crystal;../fake-data/blob/hipster.png;image/png;happily apropos yum;25968;2024-02-29T13:00:09;2024-02-29T20:54:47;hefty angelic except;winds wildly;false
10;../fake-data/blob/hipster.png;image/png;pale scoop at;../fake-data/blob/hipster.png;image/png;seafood theft who;26805;2024-02-29T11:41:50;2024-02-29T16:57:29;briskly;upward phew;false
