id;description;created_date;last_modified_date;created_by;last_modified_by;is_deleted
1;trustworthy robust why;2024-02-29T00:53:46;2024-02-29T21:39:04;tromp jack;carelessly past for;false
2;pink first;2024-02-29T14:12:45;2024-02-29T14:12:29;inexperienced;humiliating;true
3;clam;2024-02-29T22:03:26;2024-02-29T21:42:00;bifurcate;model;false
4;pine;2024-02-29T17:57:50;2024-02-29T15:33:39;instead piercing;uncomfortable;true
5;scrip hence anti;2024-02-29T05:20:29;2024-02-29T04:10:36;perform meh during;mmm inasmuch politely;false
6;mistime;2024-02-29T13:38:06;2024-02-29T11:20:25;scram;direct sweat mysteriously;true
7;below sympathetically via;2024-02-29T05:45:15;2024-02-29T04:12:29;because;exercise;true
8;remorseful past;2024-02-29T19:39:10;2024-02-29T14:04:39;impersonate unaccountably ownership;meh;false
9;foxglove flashy huzzah;2024-02-29T03:04:13;2024-02-29T02:11:30;twig overestimate;lustrous nocturnal inasmuch;true
10;excluding longingly;2024-02-29T10:23:46;2024-02-29T00:45:34;round;wiggly;true
